pdb_id,resolution,chain_length
3NIR,N/A,62
5D8V,N/A,113
1EJG,N/A,55
5NW3,N/A,57
1UCS,N/A,64
3X2M,N/A,201
2VB1,N/A,164
1US0,N/A,365
7VOS,N/A,101
2DSX,N/A,52
1YK4,N/A,59
3A38,N/A,98
9EWK,N/A,63
4ZM7,N/A,197
3A39,N/A,99
6S2M,N/A,202
1R6J,N/A,94
5OME,N/A,60
2B97,N/A,142
2OV0,N/A,105
2WFI,N/A,176
2WFJ,N/A,193
4I8H,N/A,264
8C5N,N/A,211
8DTS,N/A,112
3X34,N/A,109
4LBS,N/A,324
7FEZ,N/A,162
5YCE,N/A,227
6L27,N/A,260
7KR0,N/A,258
5KWM,N/A,263
1GCI,N/A,278
1X6Z,N/A,119
3BCJ,N/A,339
3W5H,N/A,292
5GV8,N/A,297
6JGJ,N/A,284
6ZM8,N/A,221
7A5M,N/A,150
2PVE,N/A,159
5MN1,N/A,281
5TDA,N/A,86
7R2H,N/A,166
6KL0,N/A,311
5MNK,N/A,267
1IUA,N/A,85
1PQ7,N/A,234
1W0N,N/A,124
2QXW,N/A,354
3MFJ,N/A,229
3MI4,N/A,229
3UI4,N/A,121
4I8G,N/A,263
4LB3,N/A,324
4LB4,N/A,324
4LBR,N/A,324
5AL6,N/A,55
5GV7,N/A,297
5NFM,N/A,77
5WQQ,N/A,96
5WQR,N/A,94
8W8U,N/A,409
8ZST,N/A,162
9M1X,N/A,159
9M22,N/A,162
1FN8,N/A,249
1FY4,N/A,268
1FY5,N/A,243
1GDN,N/A,262
2I16,N/A,366
2I17,N/A,366
4M7G,N/A,260
6SYJ,N/A,104
7WKB,N/A,168
5HB7,N/A,146
1NWZ,N/A,141
2H5C,N/A,237
2J8T,N/A,356
2VXN,N/A,259
7AVK,N/A,192
8C3X,N/A,262
1CBN,N/A,51
1N55,N/A,253
1SSX,N/A,223
2JFR,N/A,269
2O9S,N/A,74
2PWA,N/A,283
3X2L,N/A,199
3X32,N/A,106
4Y9W,N/A,363
7FF6,N/A,162
7WF0,N/A,172
9HDW,N/A,317
6TGU,N/A,339
1XVO,N/A,229
2HS1,N/A,238
2O7A,N/A,143
2YKZ,N/A,161
3ZQV,N/A,138
4EIC,N/A,94
6EIO,N/A,245
7BNH,N/A,237
7FFK,N/A,162
7G0Z,N/A,165
7TX0,N/A,367
7WKG,N/A,176
4LAU,N/A,323
4PSS,N/A,333
1M40,N/A,408
1MC2,N/A,122
1PJX,N/A,320
1PQ5,N/A,244
1X8P,N/A,205
1X8Q,N/A,206
2F01,N/A,243
2FMA,N/A,61
2PF8,N/A,393
2PFH,N/A,383
3O4P,N/A,320
3PYP,N/A,137
3QPA,N/A,212
4AYO,N/A,455
4AYP,N/A,459
4I8K,N/A,257
4IGS,N/A,361
4LAZ,N/A,323
4O8H,N/A,170
4PSY,N/A,216
5EMB,N/A,110
5RDH,N/A,349
5YOK,N/A,221
6AIQ,N/A,101
6AIR,N/A,94
6ETK,N/A,149
6ETL,N/A,149
6JGI,N/A,318
6Q00,N/A,153
6UN0,N/A,133
7AOT,N/A,138
7BBX,N/A,421
7KQO,N/A,391
7WCI,N/A,174
8R30,N/A,282
8W8V,N/A,390
6KL1,N/A,299
6Q01,N/A,321
5MNN,N/A,269
1G6X,N/A,61
1MUW,N/A,433
2DDX,N/A,324
2PYA,N/A,54
3WDN,N/A,159
3ZSJ,N/A,159
4TKB,N/A,171
5AVD,N/A,270
5MNG,N/A,269
6S2S,N/A,170
7FBF,N/A,156
7FDT,N/A,156
7FDU,N/A,149
7WJ1,N/A,168
7X48,N/A,161
8K9N,N/A,169
9HDS,N/A,289
6ZPA,N/A,184
4QXI,N/A,334
1DY5,N/A,246
1V6P,N/A,141
4HS1,N/A,106
4I8J,N/A,251
4I8L,N/A,253
4K8M,N/A,107
4TJZ,N/A,172
4TKJ,N/A,163
5AKR,N/A,378
5DJ7,N/A,277
5L87,N/A,62
7R25,N/A,192
7WE5,N/A,174
7WQ7,N/A,159
8ERE,N/A,145
8R43,N/A,271
5O99,N/A,123
3A2O,N/A,231
3FIL,N/A,119
3KLR,N/A,140
3WVM,N/A,162
3ZOJ,N/A,275
4F1V,N/A,472
7FFX,N/A,167
7FXV,N/A,150
7KQP,N/A,381
7XHM,N/A,165
7XHU,N/A,166
9YGW,N/A,452
5LP9,N/A,207
1I1W,N/A,305
1JXT,N/A,58
1JXW,N/A,58
1JXX,N/A,58
1JXY,N/A,58
1YWA,N/A,202
2QDV,N/A,106
3IP0,N/A,180
3UI6,N/A,115
4O6U,N/A,208
4UYR,N/A,204
5HBS,N/A,153
6KFN,N/A,325
7APW,N/A,142
7P6M,N/A,166
7TVL,N/A,245
8AVU,N/A,57
8JZ8,N/A,234
8PB5,N/A,355
8R5K,N/A,141
9P25,N/A,409
9PWM,N/A,162
9Q9D,N/A,328
4WEE,N/A,165
1ET1,N/A,68
1G66,N/A,209
1IX9,N/A,439
1IXB,N/A,420
1N9B,N/A,271
1OEW,N/A,333
1VYR,N/A,365
2BW4,N/A,374
2H5D,N/A,222
2IDQ,N/A,105
2PEV,N/A,392
2WUR,N/A,239
2XU3,N/A,239
2YL7,N/A,166
3G21,N/A,93
3K34,N/A,258
3KS3,N/A,266
3VOR,N/A,219
3ZR8,N/A,77
3ZSK,N/A,147
3ZTM,N/A,166
4CE8,N/A,493
4EA9,N/A,210
4GCA,N/A,356
4NPD,N/A,100
5AVH,N/A,426
5B28,N/A,166
5GJI,N/A,133
5R32,N/A,349
5RBR,N/A,451
5X9L,N/A,231
5Y2S,N/A,274
6B00,N/A,302
6FMC,N/A,184
6KKZ,N/A,303
6KLZ,N/A,291
6KM2,N/A,289
6LK1,N/A,202
6UGC,N/A,91
6UMZ,N/A,138
6XVM,N/A,247
7A2P,N/A,61
7LTD,N/A,338
7OUZ,N/A,303
7PSY,N/A,496
7TWJ,N/A,391
7TWN,N/A,360
7TWO,N/A,369
7TWP,N/A,369
7TWQ,N/A,363
7TWR,N/A,371
7TWS,N/A,365
7TWT,N/A,362
7TWV,N/A,366
7TWW,N/A,373
7TWX,N/A,371
7TWY,N/A,368
7TX1,N/A,370
7VB1,N/A,164
7WDJ,N/A,152
7WOM,N/A,172
7WPG,N/A,156
8SH6,N/A,358
8SH8,N/A,364
9FMH,N/A,358
9FMI,N/A,349
9Q8C,N/A,330
9TEU,N/A,146
1J0P,N/A,108
2NRL,N/A,170
2PVB,N/A,118
2Y78,N/A,139
3G46,N/A,308
3QM5,N/A,187
3QM6,N/A,186
3QM8,N/A,177
3QM9,N/A,189
3X0I,N/A,178
4XOJ,N/A,268
5IG6,N/A,133
5NC0,N/A,131
5R35,N/A,349
7BDR,N/A,276
7BDS,N/A,276
7G1F,N/A,150
7LTI,N/A,343
7P1Q,N/A,398
8CR4,N/A,298
8PB4,N/A,356
9LH0,N/A,111
5MNC,N/A,264
5MK9,N/A,412
5R2D,N/A,349
5R39,N/A,349
4HNO,N/A,294
1IQZ,N/A,81
1L9L,N/A,74
1PWM,N/A,383
1RB9,N/A,55
1VB0,N/A,61
2FVY,N/A,306
2G6F,N/A,59
2GBA,N/A,105
2PPN,N/A,122
2QDW,N/A,105
3EA6,N/A,219
3W7Y,N/A,102
3WGX,N/A,265
3X0J,N/A,177
4AR6,N/A,59
4G78,N/A,173
5DKM,N/A,263
5R31,N/A,349
5R33,N/A,349
5RCK,N/A,349
6CNW,N/A,121
6EQE,N/A,294
6ETM,N/A,157
6ETN,N/A,150
6F7R,N/A,363
6HSA,N/A,160
6UWW,N/A,178
7A2X,N/A,85
7V5U,N/A,152
7XBC,N/A,163
7YRK,N/A,146
8PB7,N/A,356
9GYD,N/A,107
9YFR,N/A,223
6TE2,N/A,338
6UMY,N/A,133
7MBO,N/A,239
3LZT,N/A,131
6ZSY,N/A,53
6ROB,N/A,326
1B0Y,N/A,85
1EA7,N/A,314
1GDQ,N/A,240
1OK0,N/A,83
1VBW,N/A,74
2XTT,N/A,268
3FX5,N/A,219
3M5Q,N/A,357
3QL9,N/A,135
3U7C,N/A,284
3X33,N/A,107
4BVM,N/A,168
4TKH,N/A,155
5MNH,N/A,257
5MOQ,N/A,246
5QU8,N/A,65
5RD3,N/A,349
5RDJ,N/A,349
5X9M,N/A,230
6KM0,N/A,290
6SYW,N/A,357
7FG1,N/A,168
7G1R,N/A,146
7KQW,N/A,192
7VDN,N/A,151
7X50,N/A,162
8A4N,N/A,342
8AZC,N/A,173
8PB6,N/A,356
8UVZ,N/A,219
8UW0,N/A,217
8X3H,N/A,372
9GR6,N/A,351
9V14,N/A,278
5DK1,N/A,283
5MNB,N/A,252
5MON,N/A,241
6ROE,N/A,327
1GVK,N/A,259
1GVU,N/A,333
1IEE,N/A,150
1KWF,N/A,382
1NLS,N/A,238
2BT9,N/A,270
2FDN,N/A,62
2GLK,N/A,392
2GUD,N/A,243
2PPP,N/A,126
2UU8,N/A,243
2V8B,N/A,318
2VHK,N/A,232
2ZQ7,N/A,306
3HGP,N/A,240
3M4H,N/A,365
3QMA,N/A,187
3QR7,N/A,279
4QB3,N/A,129
5IBN,N/A,126
5OU0,N/A,341
5R1V,N/A,349
5R3L,N/A,349
5RVI,N/A,342
5SAN,N/A,360
6JGH,N/A,305
6Q6T,N/A,113
6SBL,N/A,319
6Y1P,N/A,351
7A2O,N/A,64
7A2Q,N/A,64
7A31,N/A,122
7APS,N/A,289
7FYG,N/A,149
7OL5,N/A,131
8CNP,N/A,364
8QXQ,N/A,356
9Q9G,N/A,330
9V6A,N/A,303
9YFS,N/A,457
6RZH,N/A,150
6RH4,N/A,303
4MZC,N/A,129
5R3C,N/A,349
1BRF,N/A,53
1BXO,N/A,326
1HJ9,N/A,231
1KTH,N/A,58
1LUG,N/A,259
1MJ5,N/A,328
1NKI,N/A,274
1OT6,N/A,256
1RTQ,N/A,291
1S5N,N/A,425
1Z8A,N/A,321
1ZZK,N/A,82
2FLA,N/A,83
2IDU,N/A,104
2NX0,N/A,162
2VHR,N/A,228
2VU6,N/A,230
2XJP,N/A,326
2XOM,N/A,168
2YL0,N/A,163
2ZQA,N/A,301
3DHA,N/A,265
3DK9,N/A,480
3F1L,N/A,489
3G9X,N/A,318
3LZ5,N/A,334
3NED,N/A,268
3ODV,N/A,104
3RY2,N/A,261
3S6E,N/A,257
3VLA,N/A,428
3VN3,N/A,459
3WGE,N/A,144
3X35,N/A,116
4A02,N/A,169
4A8I,N/A,414
4EGU,N/A,248
4F19,N/A,456
4G9S,N/A,325
4GA2,N/A,183
4KQP,N/A,265
4LZT,N/A,129
4O6Q,N/A,194
4UNU,N/A,240
4WKA,N/A,432
4XDX,N/A,89
4Z8J,N/A,110
5AQ0,N/A,175
5AVG,N/A,236
5E9N,N/A,495
5EWO,N/A,245
5II6,N/A,109
5MEH,N/A,473
5O2X,N/A,274
5OAV,N/A,139
5RBW,N/A,460
5RCV,N/A,349
5XP6,N/A,247
5ZGW,N/A,242
5ZGX,N/A,251
5ZGY,N/A,243
5ZGZ,N/A,245
6FO5,N/A,133
6J64,N/A,254
6J93,N/A,196
6RQI,N/A,319
6S9Z,N/A,333
6SAY,N/A,348
6SBH,N/A,313
6SBM,N/A,330
6SY3,N/A,248
6TWT,N/A,488
6TXP,N/A,369
6WEY,N/A,193
6Y5S,N/A,296
6YIV,N/A,245
6YTU,N/A,83
6YZN,N/A,293
7A3H,N/A,305
7ASQ,N/A,310
7AVJ,N/A,87
7DC4,N/A,277
7FDX,N/A,153
7FEU,N/A,159
7FWK,N/A,144
7FXF,N/A,155
7G05,N/A,148
7G1Y,N/A,153
7LTV,N/A,348
7OTU,N/A,379
7OV0,N/A,294
7QQ5,N/A,275
7QQC,N/A,270
7SJJ,N/A,155
7WD6,N/A,162
7WPU,N/A,157
8AE9,N/A,359
8AQG,N/A,340
8AUU,N/A,345
8B66,N/A,357
8CNF,N/A,354
8PKR,N/A,263
8PMF,N/A,74
8WXC,N/A,429
9FMJ,N/A,366
9GK0,N/A,258
9HY0,N/A,291
9LB3,N/A,327
9QAB,N/A,329
9RLL,N/A,347
9RN0,N/A,351
6IIP,N/A,175
5E7W,N/A,117
9IAY,N/A,173
9PUB,N/A,277
5OUK,N/A,339
6I74,N/A,150
6RKN,N/A,313
1AHO,N/A,66
1K5C,N/A,336
1LUQ,N/A,250
1U2H,N/A,96
1UFY,N/A,121
1X6X,N/A,120
2RH2,N/A,70
2XOD,N/A,131
2Z6W,N/A,374
3AGN,N/A,120
3E4G,N/A,187
3KFF,N/A,154
3O5Q,N/A,145
3PUC,N/A,112
3QM7,N/A,189
3WL2,N/A,258
3ZZP,N/A,74
4BM8,N/A,166
4F18,N/A,459
4PRT,N/A,336
4R5R,N/A,137
4YXI,N/A,273
5DP2,N/A,371
5JUG,N/A,176
5MNO,N/A,252
5MOS,N/A,243
5NLD,N/A,291
5OUJ,N/A,341
5S74,N/A,346
5ZJ1,N/A,243
5ZJ7,N/A,236
5ZJ8,N/A,237
5ZJC,N/A,240
6F1O,N/A,133
6JPT,N/A,125
6RHU,N/A,500
6RHX,N/A,500
6ZX4,N/A,420
7A33,N/A,137
7FZ9,N/A,145
7IIL,N/A,349
7Q0O,N/A,252
7X4J,N/A,158
7Z8O,N/A,220
8A3G,N/A,69
8AQP,N/A,350
8B3R,N/A,359
8RLF,N/A,161
8WZW,N/A,480
9GZ4,N/A,490
9KWT,N/A,366
9V69,N/A,314
4M9V,N/A,129
5R2O,N/A,349
5R2Z,N/A,349
6RFH,N/A,306
1BYI,N/A,238
1C75,N/A,73
1F94,N/A,63
1G4I,N/A,134
1M1Q,N/A,105
1TG0,N/A,76
1VL9,N/A,124
1XMK,N/A,83
1YWB,N/A,197
1ZLB,N/A,122
1ZUU,N/A,68
2AYW,N/A,223
2BF6,N/A,449
2NMZ,N/A,231
2VK5,N/A,448
3AKQ,N/A,189
3AKS,N/A,189
3EO6,N/A,270
3GOE,N/A,83
3LL1,N/A,139
3LL2,N/A,123
3RCG,N/A,169
3U3H,N/A,403
3VII,N/A,482
3WCQ,N/A,97
3X0K,N/A,180
4ACJ,N/A,182
4MTU,N/A,151
4OO4,N/A,292
4PNO,N/A,74
4Q4G,N/A,207
5A8C,N/A,310
5DZE,N/A,228
5HQI,N/A,53
5RC2,N/A,484
5RCS,N/A,349
5RDF,N/A,349
5RDP,N/A,349
5RDS,N/A,349
5RE1,N/A,349
5SP2,N/A,373
5TIF,N/A,199
5XQV,N/A,68
6F81,N/A,359
6FJN,N/A,199
6HMQ,N/A,352
6JJ1,N/A,199
6MU9,N/A,288
6QLR,N/A,151
6RGP,N/A,500
6RHH,N/A,500
6SYE,N/A,131
6T3P,N/A,350
6TD8,N/A,362
6UN2,N/A,138
6X7J,N/A,195
6XUM,N/A,352
6YIW,N/A,247
6YP6,N/A,225
7A2Y,N/A,76
7A7Y,N/A,289
7FYV,N/A,145
7L71,N/A,117
7RWG,N/A,409
7SPX,N/A,150
7TH6,N/A,168
7WPW,N/A,156
8A3H,N/A,304
8B34,N/A,346
8B5M,N/A,454
8B97,N/A,157
8BJL,N/A,344
8GEW,N/A,156
8PGP,N/A,261
8UDN,N/A,243
9AYN,N/A,170
9YGX,N/A,223
6RYG,N/A,117
3QPC,N/A,213
6Q7D,N/A,294
4RTZ,N/A,72
5R3D,N/A,349
5R3R,N/A,349
1GQV,N/A,135
1GVT,N/A,328
1IC6,N/A,279
1IXH,N/A,321
1K4I,N/A,216
1S5M,N/A,411
1TQG,N/A,139
1UNQ,N/A,117
1V0L,N/A,312
1YLJ,N/A,273
2BZZ,N/A,141
2G58,N/A,141
2PNE,N/A,81
2VI3,N/A,230
2WW6,N/A,85
2ZPM,N/A,89
3AZD,N/A,60
3C78,N/A,221
3D1P,N/A,144
3FSA,N/A,138
3JUD,N/A,155
3PSM,N/A,94
3V1A,N/A,59
4A7U,N/A,322
4AWT,N/A,406
4BCT,N/A,215
4EKF,N/A,191
4F1U,N/A,471
4FPT,N/A,280
4FRC,N/A,277
4FU5,N/A,275
4HVU,N/A,69
4HVW,N/A,81
4QBX,N/A,329
4WPK,N/A,241
4YEO,N/A,137
5CE4,N/A,131
5HMV,N/A,131
5KXV,N/A,320
5MB5,N/A,342
5MNM,N/A,254
5MOR,N/A,241
5NFK,N/A,82
5RC3,N/A,427
5RD8,N/A,349
5RDA,N/A,349
5RDN,N/A,349
5RDX,N/A,349
5RVH,N/A,342
5SAR,N/A,354
5SY4,N/A,470
5XR0,N/A,68
5ZGI,N/A,246
5ZIO,N/A,240
6K9J,N/A,113
6LIP,N/A,237
6Q4G,N/A,286
6SG6,N/A,306
6T81,N/A,293
6TX6,N/A,146
6Z7I,N/A,274
7ATV,N/A,360
7AVE,N/A,170
7BCU,N/A,139
7G1L,N/A,150
7OYM,N/A,274
7OYN,N/A,272
7PMT,N/A,164
7V2G,N/A,163
7XFA,N/A,151
7YZ7,N/A,126
8QMJ,N/A,256
8RBI,N/A,252
9YKF,N/A,484
7QYO,N/A,116
5S3W,N/A,342
5SBQ,N/A,164
1JXU,N/A,52
1MNZ,N/A,388
1MWQ,N/A,197
1SFD,N/A,210
1UG6,N/A,426
2FOU,N/A,259
2FWH,N/A,134
2Y61,N/A,270
3AGO,N/A,116
3DW3,N/A,279
3DWE,N/A,279
3F7L,N/A,154
3LEP,N/A,332
3Q46,N/A,212
3VIG,N/A,487
3WOU,N/A,234
3X2H,N/A,199
3X2P,N/A,196
4AQO,N/A,96
4GZN,N/A,68
4IAU,N/A,158
4J5E,N/A,178
4Y5L,N/A,349
4ZC9,N/A,128
5CKL,N/A,200
5CMT,N/A,198
5FLK,N/A,324
5II8,N/A,136
5MNF,N/A,247
5MOP,N/A,244
5O45,N/A,152
5OGO,N/A,287
5OTN,N/A,172
6G1I,N/A,452
6JJQ,N/A,201
6RK0,N/A,442
6RVU,N/A,224
6TD0,N/A,284
6U66,N/A,441
6YZK,N/A,278
7A2W,N/A,80
7AM9,N/A,308
7DMM,N/A,403
7FX1,N/A,139
7FXR,N/A,144
7FZ1,N/A,155
7FZO,N/A,152
7G08,N/A,149
7G0Y,N/A,149
7KOM,N/A,162
7LOG,N/A,167
7TB7,N/A,293
8A55,N/A,129
8CHN,N/A,132
8WDG,N/A,398
8WUP,N/A,499
8WX6,N/A,413
8WY2,N/A,467
8YK6,N/A,250
9ECS,N/A,60
9GTJ,N/A,380
9KWV,N/A,349
3I30,N/A,279
3I2Y,N/A,279
3I37,N/A,279
4NDS,N/A,214
4X5P,N/A,169
5JDK,N/A,106
5R2G,N/A,349
5MTU,N/A,387
5R2L,N/A,349
5R34,N/A,349
6RIG,N/A,307
6YK4,N/A,296
7K4T,N/A,342
1A6M,N/A,151
1C7K,N/A,132
1CEX,N/A,197
1EB6,N/A,177
1EXR,N/A,183
1G2Y,N/A,116
1GA6,N/A,371
1GVW,N/A,328
1GVX,N/A,333
1HJ8,N/A,243
1IR0,N/A,81
1JFB,N/A,424
1K2A,N/A,136
1K4P,N/A,216
1K6U,N/A,59
1KCC,N/A,343
1LKK,N/A,108
1LNI,N/A,219
1MN8,N/A,379
1MSO,N/A,111
1NQJ,N/A,210
1OAI,N/A,68
1OD3,N/A,131
1OT9,N/A,256
1PQ8,N/A,248
1R2M,N/A,145
1SY2,N/A,189
1SY3,N/A,197
1T2H,N/A,214
1TT8,N/A,164
1UZV,N/A,488
1W3M,N/A,85
1Y55,N/A,250
1YWC,N/A,204
1ZK4,N/A,277
2A6Z,N/A,222
2ABB,N/A,366
2AGT,N/A,389
2AT0,N/A,215
2AT3,N/A,230
2AT8,N/A,224
2BV4,N/A,252
2CE2,N/A,332
2CHH,N/A,127
2CNQ,N/A,324
2CWS,N/A,235
2EWI,N/A,107
2EWK,N/A,107
2GG2,N/A,285
2GGC,N/A,306
2GH7,N/A,243
2GKG,N/A,150
2H3L,N/A,201
2I4A,N/A,107
2IDS,N/A,105
2IDT,N/A,104
2IIM,N/A,64
2JJJ,N/A,346
2OFR,N/A,234
2P5K,N/A,63
2PL7,N/A,134
2PND,N/A,119
2PZN,N/A,354
2QCP,N/A,101
2QSK,N/A,108
2QXI,N/A,235
2R31,N/A,285
2RBK,N/A,277
2V1M,N/A,172
2WYT,N/A,352
2X46,N/A,148
2XJI,N/A,57
2YYX,N/A,107
3A02,N/A,51
3A4R,N/A,162
3AJ4,N/A,255
3AKT,N/A,378
3AUB,N/A,124
3BOI,N/A,162
3BWH,N/A,244
3CCD,N/A,176
3DJK,N/A,227
3E6Z,N/A,93
3FYM,N/A,88
3GHR,N/A,374
3GHS,N/A,374
3H31,N/A,87
3I34,N/A,279
3JYO,N/A,303
3L8W,N/A,296
3NE0,N/A,208
3O5P,N/A,147
3P8J,N/A,385
3RQ9,N/A,165
3RWN,N/A,463
3SOJ,N/A,269
3U2C,N/A,329
3VHG,N/A,223
3VIF,N/A,490
3VJQ,N/A,223
3VRC,N/A,277
3WH1,N/A,203
3WYQ,N/A,249
3X0L,N/A,181
3X1X,N/A,166
3X2G,N/A,190
3X2O,N/A,182
4A7V,N/A,319
4AR5,N/A,59
4AWS,N/A,398
4AXO,N/A,294
4B4E,N/A,144
4BJ0,N/A,184
4DP9,N/A,116
4DPB,N/A,118
4DRQ,N/A,142
4EA7,N/A,216
4EA8,N/A,217
4GDA,N/A,259
4GNR,N/A,392
4JP6,N/A,121
4K8Y,N/A,260
4LN2,N/A,82
4MTY,N/A,274
4N1I,N/A,342
4NIV,N/A,215
4Q78,N/A,268
4Q9W,N/A,459
4TXR,N/A,256
4U2W,N/A,252
4WJX,N/A,440
4X6H,N/A,235
4YMY,N/A,165
4YNH,N/A,131
4ZGF,N/A,166
5B5H,N/A,223
5D14,N/A,73
5D66,N/A,410
5DGJ,N/A,184
5E1K,N/A,190
5E1N,N/A,339
5HQ1,N/A,129
5IDB,N/A,284
5IQN,N/A,319
5IVN,N/A,148
5JDT,N/A,205
5JIG,N/A,122
5LJT,N/A,285
5LXW,N/A,141
5MAE,N/A,227
5MAJ,N/A,226
5OBK,N/A,138
5PTI,N/A,58
5R43,N/A,267
5RBS,N/A,454
5RC4,N/A,484
5RCJ,N/A,349
5RD1,N/A,349
5RDI,N/A,349
5RE2,N/A,349
5RS7,N/A,342
5RS9,N/A,342
5RSB,N/A,342
5RSD,N/A,342
5RSE,N/A,342
5RSF,N/A,342
5RSG,N/A,342
5RSH,N/A,342
5RSJ,N/A,342
5RSK,N/A,342
5RSL,N/A,342
5RSN,N/A,342
5RSQ,N/A,342
5RSR,N/A,342
5RSS,N/A,341
5RST,N/A,342
5RSU,N/A,342
5RSW,N/A,342
5RSX,N/A,342
5RT0,N/A,342
5RT1,N/A,342
5RT2,N/A,342
5RT5,N/A,342
5RT6,N/A,342
5RT7,N/A,342
5RT8,N/A,342
5RTA,N/A,342
5RTE,N/A,342
5RTF,N/A,341
5RTH,N/A,342
5RTJ,N/A,342
5RTK,N/A,342
5RTL,N/A,342
5RTM,N/A,342
5RTN,N/A,342
5RTO,N/A,342
5RTP,N/A,342
5RTQ,N/A,342
5RTR,N/A,342
5RTS,N/A,342
5RTT,N/A,342
5RTU,N/A,342
5RTV,N/A,342
5RTW,N/A,342
5RTX,N/A,342
5RTY,N/A,342
5RTZ,N/A,342
5RU0,N/A,341
5RU1,N/A,342
5RU2,N/A,342
5RU3,N/A,342
5RU4,N/A,342
5RU5,N/A,342
5RU6,N/A,342
5RU7,N/A,342
5RU8,N/A,342
5RU9,N/A,342
5RUA,N/A,342
5RUC,N/A,342
5RUD,N/A,342
5RUF,N/A,342
5RUG,N/A,342
5RUH,N/A,342
5RUI,N/A,342
5RUL,N/A,342
5RUM,N/A,342
5RUN,N/A,342
5RUO,N/A,342
5RUP,N/A,341
5RUQ,N/A,342
5RUR,N/A,342
5RUS,N/A,342
5RUT,N/A,342
5RUV,N/A,342
5RUW,N/A,342
5RUX,N/A,342
5RUY,N/A,342
5RUZ,N/A,342
5RV0,N/A,342
5RV1,N/A,342
5RV4,N/A,342
5RV5,N/A,342
5RV6,N/A,342
5RV7,N/A,342
5RV8,N/A,342
5RV9,N/A,342
5RVA,N/A,342
5RVB,N/A,342
5RVC,N/A,342
5RVD,N/A,342
5RVE,N/A,342
5RVF,N/A,342
5RVG,N/A,342
5SAL,N/A,356
5SAO,N/A,351
5SV5,N/A,134
5TVY,N/A,412
5WS7,N/A,396
5XBU,N/A,199
5XQP,N/A,282
5XQU,N/A,70
5Y2R,N/A,274
5ZGE,N/A,500
5ZX8,N/A,191
6CDX,N/A,74
6EUW,N/A,171
6FVI,N/A,190
6GZ8,N/A,138
6HG7,N/A,86
6HMD,N/A,349
6I7Y,N/A,134
6IFP,N/A,262
6IGG,N/A,178
6IXD,N/A,258
6L8G,N/A,124
6NFR,N/A,100
6PWS,N/A,134
6Q2Y,N/A,482
6Q49,N/A,309
6Q4H,N/A,311
6QLN,N/A,155
6RD2,N/A,245
6RI0,N/A,500
6RL9,N/A,316
6RYN,N/A,118
6RZX,N/A,277
6SFQ,N/A,306
6T2L,N/A,135
6UKF,N/A,269
6WJM,N/A,291
6X7T,N/A,193
6X7Y,N/A,185
6X7Z,N/A,188
6X8D,N/A,190
6X8Y,N/A,185
6X9M,N/A,189
6X9P,N/A,189
6Y0H,N/A,213
6YF3,N/A,118
6YZU,N/A,282
6ZAT,N/A,358
6ZFJ,N/A,247
6ZWY,N/A,284
6ZX1,N/A,312
7AVF,N/A,172
7AVG,N/A,171
7B5W,N/A,101
7BR5,N/A,143
7CSN,N/A,202
7FBM,N/A,158
7FD7,N/A,160
7FR3,N/A,397
7FR4,N/A,426
7FR5,N/A,395
7FR6,N/A,366
7FR7,N/A,423
7FR8,N/A,364
7FR9,N/A,390
7FRA,N/A,389
7FRB,N/A,380
7FRC,N/A,398
7FRD,N/A,427
7FVY,N/A,150
7FW9,N/A,146
7IIM,N/A,349
7K9C,N/A,216
7Q0Z,N/A,281
7Q1Q,N/A,71
7UYD,N/A,480
8AXJ,N/A,169
8B8F,N/A,163
8C10,N/A,314
8CHP,N/A,132
8DA5,N/A,228
8E77,N/A,378
8EY3,N/A,66
8G22,N/A,336
8JFS,N/A,186
8OKQ,N/A,270
8R7M,N/A,280
8RXN,N/A,52
9F6S,N/A,95
9HDU,N/A,297
9KTA,N/A,343
9RO1,N/A,356
9YH8,N/A,215
3ZUC,N/A,168
3TEU,N/A,112
5R2J,N/A,349
6RIT,N/A,328
5MNE,N/A,253
5R2I,N/A,349
5R2M,N/A,349
5R2Y,N/A,349
5R36,N/A,349
5R3E,N/A,349
5R20,N/A,349
5R2T,N/A,349
5R3Q,N/A,349
6Q7B,N/A,291
1SXX,N/A,192
1SY1,N/A,186
1X8O,N/A,202
2NNO,N/A,258
3NBC,N/A,312
3SK2,N/A,309
4BPF,N/A,101
4PRR,N/A,327
4YX4,N/A,269
5AMX,N/A,280
5E1P,N/A,322
5MNP,N/A,259
5RBU,N/A,464
5RCL,N/A,349
5RCT,N/A,349
5RDE,N/A,349
5RDM,N/A,349
5RS8,N/A,342
5RSC,N/A,342
5RSI,N/A,342
5RT9,N/A,342
5RTG,N/A,342
5RTI,N/A,342
5RUJ,N/A,342
5RUU,N/A,342
5RV2,N/A,342
5S4C,N/A,346
5SP3,N/A,391
5YYP,N/A,226
6FK2,N/A,148
6G3Q,N/A,287
6HN3,N/A,190
6IGH,N/A,179
6NJ3,N/A,296
6RHI,N/A,500
6T7Q,N/A,349
6Z5Y,N/A,387
7A22,N/A,337
7A2H,N/A,336
7A3M,N/A,66
7FWU,N/A,146
7FZ4,N/A,146
7H47,N/A,144
7IIB,N/A,349
7IIG,N/A,349
7JJA,N/A,188
7LOE,N/A,165
7LU0,N/A,346
7OGI,N/A,164
7UYA,N/A,243
8BJ8,N/A,486
8CHQ,N/A,130
8DZY,N/A,151
8E09,N/A,149
8FNS,N/A,108
8GOS,N/A,428
8KDX,N/A,76
8ONV,N/A,177
8Q1F,N/A,463
8WW5,N/A,488
8YMY,N/A,475
9C5S,N/A,56
9FMK,N/A,366
9GQM,N/A,144
9GQP,N/A,141
9QAG,N/A,329
9QB0,N/A,334
9QR7,N/A,147
5E1Y,N/A,121
5E21,N/A,95
6P0Z,N/A,371
9IB5,N/A,173
6RZG,N/A,152
6RZF,N/A,147
5JH8,N/A,313
5R2H,N/A,349
7AEZ,N/A,255
5P70,N/A,330
5P73,N/A,330
5R28,N/A,349
5R2B,N/A,348
1CC8,N/A,72
1CXQ,N/A,144
1I27,N/A,73
1M1R,N/A,105
1MFM,N/A,153
1P7W,N/A,286
1QTW,N/A,285
1RW1,N/A,111
1S0Q,N/A,223
1S0R,N/A,223
2NT4,N/A,141
3A0M,N/A,146
3ABN,N/A,73
3DVQ,N/A,279
3DVR,N/A,279
3DVS,N/A,279
3KFH,N/A,155
3NU3,N/A,241
4AS8,N/A,234
4CZ5,N/A,125
4JFM,N/A,135
4P5S,N/A,106
4YSI,N/A,146
4YU1,N/A,334
5AI3,N/A,58
5AOT,N/A,110
5B27,N/A,166
5MDU,N/A,162
5NCG,N/A,248
5OXC,N/A,296
5QU3,N/A,131
5RDC,N/A,349
5ROJ,N/A,279
5ROQ,N/A,279
5RPD,N/A,279
5RPE,N/A,279
5RPN,N/A,279
5RPW,N/A,279
5RSM,N/A,342
5RSP,N/A,342
5RSZ,N/A,341
5RT4,N/A,342
5RUE,N/A,342
5RV3,N/A,342
5SAQ,N/A,356
5SSX,N/A,295
5SSZ,N/A,295
6ETO,N/A,153
6ETP,N/A,153
6HR3,N/A,290
6I03,N/A,257
6J5S,N/A,262
6JGU,N/A,201
6QAZ,N/A,134
6SAC,N/A,320
6SDJ,N/A,304
6Y4E,N/A,151
7A2S,N/A,63
7FX4,N/A,145
7FXH,N/A,154
7FXN,N/A,151
7FYF,N/A,144
7FZ0,N/A,141
7FZD,N/A,148
7G0P,N/A,140
7G0Q,N/A,152
7G0S,N/A,150
7G1V,N/A,150
7LN7,N/A,335
7LOD,N/A,170
7QLJ,N/A,248
7T5U,N/A,68
7UYC,N/A,243
8AZZ,N/A,176
8DA7,N/A,112
8E1K,N/A,151
8HKA,N/A,299
8QF4,N/A,212
8RNY,N/A,148
9GZ0,N/A,494
9GZL,N/A,495
9KYK,N/A,168
9QDE,N/A,277
9QDG,N/A,497
9RNZ,N/A,353
3NVS,N/A,473
5YDE,N/A,120
5SBS,N/A,163
7A1Z,N/A,338
7RM7,N/A,245
8AG2,N/A,124
5P77,N/A,330
5R23,N/A,349
5R27,N/A,349
5R2K,N/A,349
1IS9,N/A,358
1LU0,N/A,61
1NH0,N/A,206
1V0K,N/A,317
1XQO,N/A,254
1Y93,N/A,158
2NNS,N/A,258
2RB5,N/A,277
2YL1,N/A,156
2ZQ8,N/A,302
3AHW,N/A,119
3B64,N/A,112
3DW1,N/A,279
3L5L,N/A,387
3LZ3,N/A,335
3NDX,N/A,224
3NOO,N/A,485
3ROF,N/A,170
3V7X,N/A,274
3VIH,N/A,483
3VIJ,N/A,488
3VIM,N/A,492
3VZ9,N/A,163
3W07,N/A,256
3ZQY,N/A,156
4EIE,N/A,82
4J5C,N/A,191
4NDT,N/A,106
4TX0,N/A,140
4UHC,N/A,344
4UYT,N/A,186
4WX4,N/A,222
4XPX,N/A,130
4Y4J,N/A,355
5D5Y,N/A,108
5J6Y,N/A,197
5LL8,N/A,278
5LWS,N/A,355
5M17,N/A,420
5OAZ,N/A,115
5ONK,N/A,208
5P71,N/A,330
5P8T,N/A,330
5RC0,N/A,412
5RC5,N/A,433
5RCM,N/A,349
5RCN,N/A,349
5RD7,N/A,349
5RDD,N/A,349
5RDK,N/A,349
5RDR,N/A,349
5RDW,N/A,349
5RE0,N/A,349
5RP0,N/A,279
5RP8,N/A,279
5RPI,N/A,279
5RSO,N/A,342
5RSV,N/A,342
5RVM,N/A,188
5S49,N/A,341
5SP1,N/A,381
5Y45,N/A,123
5Y46,N/A,59
6CW7,N/A,181
6EF7,N/A,134
6F2Q,N/A,151
6F82,N/A,344
6GGP,N/A,238
6HMC,N/A,344
6HMH,N/A,400
6HRI,N/A,208
6Q3P,N/A,138
6Q41,N/A,143
6Q48,N/A,290
6QU6,N/A,215
6RO3,N/A,137
6SDI,N/A,293
6XA5,N/A,192
6YF2,N/A,120
6YZW,N/A,275
7DEQ,N/A,142
7DER,N/A,136
7FPP,N/A,184
7FPQ,N/A,184
7FWP,N/A,149
7FX0,N/A,150
7FXJ,N/A,147
7FXK,N/A,149
7FXZ,N/A,142
7G02,N/A,149
7G0R,N/A,145
7G1G,N/A,143
7IG0,N/A,349
7IGH,N/A,349
7IGQ,N/A,349
7IIC,N/A,349
7IIH,N/A,349
7KP2,N/A,168
7LX8,N/A,163
7NIY,N/A,283
7OYO,N/A,272
7URP,N/A,163
7Y8J,N/A,245
8B3N,N/A,336
8EHH,N/A,261
8G53,N/A,184
8PFX,N/A,134
8QCD,N/A,340
8R2Y,N/A,282
9KHB,N/A,265
9T6Y,N/A,163
6BQA,N/A,102
6DCM,N/A,92
5S2P,N/A,342
5S2U,N/A,344
5S20,N/A,346
4MZB,N/A,125
5R1Y,N/A,349
5R2Q,N/A,349
5R30,N/A,349
5R37,N/A,349
5R3M,N/A,349
5R3Y,N/A,349
5S3R,N/A,341
6FNG,N/A,286
3QZR,N/A,451
5MNL,N/A,250
5P76,N/A,330
5R1U,N/A,349
5R3H,N/A,349
5R3I,N/A,349
5S3S,N/A,344
6N9H,N/A,76
1D5T,N/A,433
1I2T,N/A,61
1NAZ,N/A,154
1OE1,N/A,336
1QXY,N/A,249
1TJX,N/A,156
1UOW,N/A,156
1W3L,N/A,317
1Z3N,N/A,359
2ANV,N/A,303
2ANX,N/A,307
2BOG,N/A,291
2GJ3,N/A,248
2J9J,N/A,400
2NWD,N/A,130
2PVX,N/A,431
2R16,N/A,185
2VI1,N/A,227
2YL3,N/A,169
3A72,N/A,353
3FMU,N/A,336
3I94,N/A,249
3OV5,N/A,98
3TU8,N/A,225
3WAR,N/A,354
3ZQX,N/A,150
4B9G,N/A,292
4EIF,N/A,87
4OMO,N/A,126
5AE0,N/A,267
5FBF,N/A,293
5IMA,N/A,178
5IMF,N/A,179
5INY,N/A,179
5M3W,N/A,422
5P74,N/A,330
5P9V,N/A,232
5QU2,N/A,140
5RBQ,N/A,493
5RCA,N/A,490
5RCW,N/A,349
5RCX,N/A,349
5RCZ,N/A,349
5RD0,N/A,349
5RDB,N/A,349
5RDQ,N/A,349
5RDT,N/A,349
5ROD,N/A,279
5ROH,N/A,279
5ROK,N/A,279
5ROV,N/A,279
5RPS,N/A,279
5RSY,N/A,342
5RTB,N/A,342
5RTD,N/A,342
5RVP,N/A,184
5RVR,N/A,184
5SAP,N/A,357
5TNV,N/A,312
5XBX,N/A,197
5XPF,N/A,212
6FM7,N/A,390
6FWJ,N/A,412
6G1G,N/A,230
6H5G,N/A,272
6HMB,N/A,350
6HR0,N/A,99
6I0W,N/A,299
6IJY,N/A,360
6KGI,N/A,86
6MM2,N/A,110
6QW9,N/A,288
6QWB,N/A,288
6S07,N/A,322
6SDH,N/A,298
6SFU,N/A,303
6YDJ,N/A,224
6YZQ,N/A,267
7BGG,N/A,226
7BS4,N/A,229
7BS6,N/A,225
7BS7,N/A,225
7FPM,N/A,184
7FPN,N/A,184
7FPV,N/A,184
7FPW,N/A,184
7FVW,N/A,148
7FW6,N/A,145
7FXE,N/A,151
7FZS,N/A,143
7G19,N/A,145
7H2Z,N/A,142
7H33,N/A,143
7IHW,N/A,349
7IIE,N/A,349
7ONV,N/A,271
7U5X,N/A,253
7ZE6,N/A,132
8AZX,N/A,173
8B00,N/A,170
8BJ7,N/A,493
8DZU,N/A,142
8ESU,N/A,159
8OZ2,N/A,337
8P92,N/A,262
8QH8,N/A,269
8TVK,N/A,169
9DJK,N/A,172
9GO7,N/A,148
9GO8,N/A,146
9GQ0,N/A,138
9GR7,N/A,351
5I40,N/A,110
4AOH,N/A,135
4QL3,N/A,171
6ENP,N/A,156
6BEV,N/A,253
6QJL,N/A,205
5SBU,N/A,164
8AYV,N/A,315
6RZL,N/A,157
6QJK,N/A,118
6RZK,N/A,156
5R21,N/A,349
6Q7G,N/A,291
6QLS,N/A,153
5R2R,N/A,349
5R2V,N/A,349
5R3S,N/A,349
4GJZ,N/A,259
4BLK,N/A,330
5MB3,N/A,350
5P6L,N/A,330
5P72,N/A,330
5R2A,N/A,349
6FNK,N/A,287
6Q7C,N/A,295
1EUW,N/A,147
1FSG,N/A,466
1GVV,N/A,328
1IXG,N/A,321
1JFC,N/A,413
1KF3,N/A,126
1KMV,N/A,187
1LWB,N/A,122
1M2D,N/A,202
1M9Z,N/A,105
1MOO,N/A,256
1OD8,N/A,304
1PSR,N/A,200
1R2Q,N/A,175
1RQW,N/A,208
1RWY,N/A,327
1SF3,N/A,115
1SFH,N/A,210
1SXW,N/A,196
1T41,N/A,341
1W8F,N/A,489
1YQS,N/A,345
1ZJY,N/A,323
2ABA,N/A,369
2AU7,N/A,176
2AXW,N/A,268
2C71,N/A,225
2CNU,N/A,346
2CZQ,N/A,411
2D5M,N/A,184
2E3W,N/A,126
2EVW,N/A,332
2FHL,N/A,248
2GG9,N/A,284
2HBW,N/A,251
2HIN,N/A,161
2ILI,N/A,262
2OF8,N/A,248
2QJ7,N/A,164
2QMT,N/A,56
2RK3,N/A,199
2V06,N/A,264
2V3I,N/A,483
2V9B,N/A,93
2VZC,N/A,338
2VZP,N/A,279
2W15,N/A,218
2WF7,N/A,228
2X5Y,N/A,185
2XWV,N/A,349
2YLG,N/A,155
2ZD8,N/A,265
3AJN,N/A,140
3BEU,N/A,458
3BVA,N/A,199
3C6X,N/A,271
3C6Z,N/A,270
3C70,N/A,285
3D1X,N/A,202
3D1Y,N/A,204
3D20,N/A,200
3EUN,N/A,81
3EY6,N/A,126
3FS9,N/A,142
3G5S,N/A,418
3GMX,N/A,331
3IQU,N/A,280
3LO8,N/A,310
3M7U,N/A,217
3M8M,N/A,357
3NOV,N/A,251
3PB6,N/A,313
3R2Q,N/A,222
3R4G,N/A,166
3R87,N/A,148
3SIL,N/A,383
3VBD,N/A,291
3VM9,N/A,332
3W4P,N/A,282
3WMV,N/A,304
3ZTZ,N/A,167
4AFF,N/A,127
4ANN,N/A,210
4B5O,N/A,238
4CO3,N/A,209
4CO8,N/A,112
4DPA,N/A,118
4FON,N/A,298
4FVN,N/A,272
4FVO,N/A,273
4I62,N/A,268
4ID4,N/A,294
4IVV,N/A,182
4JFI,N/A,134
4JP7,N/A,242
4MNC,N/A,319
4N0K,N/A,245
4NY6,N/A,75
4OP5,N/A,282
4OUS,N/A,137
4PLZ,N/A,326
4PST,N/A,404
4QR6,N/A,324
4RGC,N/A,211
4UYS,N/A,187
4W7W,N/A,322
4WKH,N/A,401
4WZ4,N/A,373
4X2R,N/A,262
4YAA,N/A,322
5A92,N/A,277
5ACM,N/A,221
5B4J,N/A,259
5B8D,N/A,112
5BT3,N/A,117
5CTV,N/A,185
5EI4,N/A,133
5ETP,N/A,164
5FAF,N/A,133
5I86,N/A,240
5IIZ,N/A,174
5IMC,N/A,178
5IMV,N/A,178
5IQX,N/A,203
5J0D,N/A,117
5LJQ,N/A,271
5M03,N/A,413
5NE5,N/A,466
5NWP,N/A,427
5NYK,N/A,121
5QHT,N/A,210
5QHU,N/A,197
5QHV,N/A,200
5QI0,N/A,199
5QI1,N/A,198
5QI3,N/A,198
5QI5,N/A,197
5QI7,N/A,199
5QI9,N/A,214
5QU4,N/A,256
5R42,N/A,264
5R44,N/A,272
5R45,N/A,279
5R46,N/A,265
5R48,N/A,266
5R49,N/A,267
5R4B,N/A,284
5R4D,N/A,282
5R4O,N/A,129
5RBP,N/A,481
5RC1,N/A,451
5RCR,N/A,349
5RDU,N/A,349
5ROI,N/A,279
5ROT,N/A,279
5ROY,N/A,279
5RP4,N/A,279
5RPX,N/A,279
5RT3,N/A,342
5RUK,N/A,342
5S3E,N/A,342
5SOI,N/A,406
5SOJ,N/A,380
5SOK,N/A,403
5SOL,N/A,408
5SOM,N/A,379
5SON,N/A,415
5SOO,N/A,423
5SOP,N/A,474
5SOQ,N/A,432
5SOR,N/A,437
5SOS,N/A,415
5SOT,N/A,394
5SOU,N/A,382
5SOV,N/A,418
5SOW,N/A,399
5SOX,N/A,394
5SOY,N/A,402
5SOZ,N/A,431
5SP0,N/A,389
5SP7,N/A,415
5SP8,N/A,454
5SP9,N/A,345
5SPA,N/A,414
5SPB,N/A,409
5SPC,N/A,391
5SPD,N/A,415
5SPE,N/A,379
5SPF,N/A,433
5SPG,N/A,401
5SPH,N/A,399
5SPI,N/A,377
5SPJ,N/A,348
5SPK,N/A,385
5SPL,N/A,368
5SPM,N/A,383
5SPN,N/A,408
5SPO,N/A,351
5SPP,N/A,409
5SPQ,N/A,398
5SPR,N/A,414
5SPS,N/A,426
5SPT,N/A,438
5SPU,N/A,343
5SPV,N/A,399
5SPW,N/A,395
5SPX,N/A,412
5SPY,N/A,426
5SPZ,N/A,385
5SQ0,N/A,397
5SQ1,N/A,409
5SQ2,N/A,408
5SQ3,N/A,389
5SQ4,N/A,375
5SQ5,N/A,404
5SQ6,N/A,428
5SQ7,N/A,453
5SQ8,N/A,428
5SQ9,N/A,423
5SQA,N/A,422
5SQB,N/A,414
5SQC,N/A,407
5SQD,N/A,407
5SQE,N/A,419
5SQF,N/A,390
5SQG,N/A,412
5SQH,N/A,393
5SQI,N/A,413
5SQJ,N/A,445
5SQK,N/A,393
5SQL,N/A,392
5SQM,N/A,402
5SQN,N/A,403
5SQO,N/A,404
5SQP,N/A,409
5SQQ,N/A,382
5SQR,N/A,413
5SQS,N/A,404
5SQT,N/A,385
5SQU,N/A,397
5SQV,N/A,392
5SQW,N/A,412
5SQX,N/A,402
5SQY,N/A,356
5SQZ,N/A,395
5SR0,N/A,389
5SR1,N/A,447
5SR2,N/A,393
5SR3,N/A,412
5SR4,N/A,374
5SR5,N/A,395
5SR6,N/A,395
5SR7,N/A,411
5SR9,N/A,403
5SRA,N/A,413
5SRB,N/A,365
5SRC,N/A,431
5SRD,N/A,407
5SRE,N/A,403
5SRF,N/A,363
5SRG,N/A,407
5SRH,N/A,415
5SRI,N/A,392
5SRJ,N/A,390
5SRK,N/A,414
5SRL,N/A,408
5SRM,N/A,384
5SRN,N/A,384
5SRO,N/A,408
5SRP,N/A,407
5SRQ,N/A,385
5SRR,N/A,428
5SRS,N/A,372
5SRT,N/A,421
5SRU,N/A,402
5SRV,N/A,397
5SRW,N/A,391
5SRX,N/A,412
5SRY,N/A,415
5SRZ,N/A,394
5SVY,N/A,72
5WGI,N/A,386
5ZN1,N/A,331
5ZTD,N/A,268
6BG3,N/A,374
6C1X,N/A,158
6C7A,N/A,282
6DBC,N/A,121
6DDJ,N/A,118
6ELV,N/A,139
6F9O,N/A,331
6FJ7,N/A,99
6FM6,N/A,401
6HS9,N/A,154
6I39,N/A,291
6KM1,N/A,289
6LIZ,N/A,234
6NXY,N/A,267
6P4D,N/A,150
6Q4J,N/A,313
6RT3,N/A,141
6RY0,N/A,429
6S14,N/A,343
6S1H,N/A,361
6SD7,N/A,293
6SID,N/A,93
6TCC,N/A,139
6V1M,N/A,239
6WQY,N/A,395
6XX4,N/A,58
6XXT,N/A,269
6YQN,N/A,133
6YWT,N/A,311
6YZS,N/A,275
6YZT,N/A,277
6Z04,N/A,292
6ZWF,N/A,420
7A2R,N/A,63
7AT9,N/A,349
7BHS,N/A,385
7BS9,N/A,224
7D8D,N/A,250
7E2S,N/A,244
7ESK,N/A,425
7F1K,N/A,211
7FEK,N/A,158
7FPU,N/A,184
7FVX,N/A,149
7FWE,N/A,144
7FWW,N/A,150
7FX6,N/A,143
7FXP,N/A,145
7FY7,N/A,147
7FYB,N/A,144
7FYR,N/A,146
7FYS,N/A,143
7FZM,N/A,150
7G09,N/A,142
7G0M,N/A,147
7G17,N/A,146
7H51,N/A,286
7IHM,N/A,349
7LOF,N/A,165
7LX6,N/A,163
7LX7,N/A,163
7MPD,N/A,173
7OYP,N/A,272
7PCA,N/A,237
7PVS,N/A,123
7RH3,N/A,148
7RN2,N/A,149
7SPW,N/A,135
7XE7,N/A,175
7Z09,N/A,250
7ZQX,N/A,173
8AXY,N/A,336
8AZV,N/A,178
8ERS,N/A,450
8F07,N/A,309
8I1F,N/A,340
8KCE,N/A,289
8OKE,N/A,283
8OMW,N/A,115
8OX3,N/A,119
8P6O,N/A,256
8RWQ,N/A,279
8S0W,N/A,370
8S2Q,N/A,369
8X6P,N/A,228
9BZN,N/A,284
9EZU,N/A,261
9GNK,N/A,499
9I7A,N/A,190
9KWS,N/A,351
9QB6,N/A,335
9ROC,N/A,353
9YCU,N/A,217
4J9C,N/A,69
4N6X,N/A,95
5SBX,N/A,162
5S2Y,N/A,343
6R4Z,N/A,415
7BHT,N/A,387
7ET5,N/A,99
6H40,N/A,228
7TFM,N/A,150
6RJJ,N/A,305
9SA1,N/A,178
5S34,N/A,340
4D8B,N/A,256
5R26,N/A,349
5S36,N/A,344
5P5V,N/A,330
5R3N,N/A,349
5S44,N/A,343
6Q7E,N/A,287
1CZB,N/A,144
1N40,N/A,394
1PMH,N/A,181
1QOW,N/A,84
1SWY,N/A,177
1SWZ,N/A,178
1SX2,N/A,184
1SX7,N/A,172
2DKO,N/A,253
2R0X,N/A,175
2WW7,N/A,161
2X1Q,N/A,240
2Z8A,N/A,296
3CU9,N/A,314
3E2O,N/A,294
3LB2,N/A,447
3MCW,N/A,417
3NYC,N/A,412
3ONC,N/A,336
3P6D,N/A,160
3ULJ,N/A,203
3W42,N/A,461
4A7S,N/A,327
4CPE,N/A,249
4DPC,N/A,116
4FK9,N/A,320
4HE9,N/A,234
4N9S,N/A,318
4PR4,N/A,328
4PZH,N/A,277
4TWV,N/A,154
4UHH,N/A,339
4UZG,N/A,289
4WW6,N/A,284
4Y45,N/A,343
4YXO,N/A,266
4Z1S,N/A,257
5HUB,N/A,89
5M4V,N/A,67
5NGX,N/A,139
5P4O,N/A,330
5P6U,N/A,330
5RDO,N/A,349
5ROU,N/A,279
5RTC,N/A,342
5S2D,N/A,340
5S2X,N/A,340
5S33,N/A,341
5S73,N/A,346
5SP4,N/A,455
5SSW,N/A,184
6B8F,N/A,219
6HAV,N/A,383
6JK4,N/A,127
6K9O,N/A,200
6Q4E,N/A,303
6Q4K,N/A,306
6QWA,N/A,282
6RHR,N/A,500
6TKK,N/A,168
6TUC,N/A,356
6TX4,N/A,145
6UFV,N/A,151
6X8A,N/A,190
6YBO,N/A,440
6YOO,N/A,147
7BCX,N/A,133
7BD0,N/A,131
7BIU,N/A,315
7BLK,N/A,150
7CKA,N/A,238
7FPO,N/A,184
7FPX,N/A,184
7FW7,N/A,148
7G0V,N/A,141
7H2Y,N/A,143
7H3I,N/A,143
7H3R,N/A,143
7IFX,N/A,349
7IGD,N/A,349
7II6,N/A,349
7LU1,N/A,345
7TGT,N/A,167
7XFS,N/A,192
8CMP,N/A,60
8DA3,N/A,113
8G1L,N/A,269
8GKO,N/A,396
8I4D,N/A,431
8PHY,N/A,210
9EYC,N/A,64
9LIE,N/A,145
5LSH,N/A,145
6C1J,N/A,193
6WCF,N/A,185
5R1Z,N/A,349
5R3Z,N/A,349
9FXF,N/A,126
6T9U,N/A,242
5S1I,N/A,345
5S2H,N/A,340
4CSS,N/A,180
4DRN,N/A,133
5LWT,N/A,348
5P5X,N/A,330
5P64,N/A,330
5R1X,N/A,349
5R3T,N/A,349
5R40,N/A,349
8GQQ,N/A,99
1GDU,N/A,227
1SFS,N/A,253
1SXY,N/A,188
1V0M,N/A,302
1XJU,N/A,311
1ZLM,N/A,58
2A28,N/A,216
2C9V,N/A,340
2IAV,N/A,312
2JE4,N/A,417
2O90,N/A,122
2QOL,N/A,310
2RAV,N/A,277
2XL6,N/A,151
2ZQ9,N/A,284
2ZQC,N/A,298
3C76,N/A,218
3DK1,N/A,212
3HNY,N/A,170
3M0I,N/A,330
3RDA,N/A,166
3SM8,N/A,400
3VGI,N/A,281
3ZQW,N/A,163
4DP8,N/A,116
4POE,N/A,295
4Q08,N/A,282
4Q68,N/A,261
4UHD,N/A,358
4UTJ,N/A,395
4X9Y,N/A,499
4YCK,N/A,348
4YS1,N/A,332
4YYT,N/A,270
5ETO,N/A,164
5I6K,N/A,355
5I89,N/A,124
5KH9,N/A,109
5M5D,N/A,410
5NVG,N/A,94
5P4M,N/A,330
5P8R,N/A,330
5ROM,N/A,279
5RPQ,N/A,279
5S2Z,N/A,342
5S4E,N/A,343
5SST,N/A,183
5TFQ,N/A,290
5W0G,N/A,89
5YYQ,N/A,226
5YYR,N/A,224
6FWG,N/A,400
6GX2,N/A,347
6HYO,N/A,150
6I3E,N/A,309
6Q4D,N/A,300
6RHF,N/A,245
6RHO,N/A,500
6RNP,N/A,295
6RS5,N/A,303
6S5W,N/A,221
6S6C,N/A,267
6TM9,N/A,250
6V67,N/A,94
6WFN,N/A,155
6XUZ,N/A,127
6YQO,N/A,136
6YWH,N/A,232
7BDM,N/A,133
7CX5,N/A,88
7FPR,N/A,184
7FPT,N/A,184
7FQ2,N/A,184
7FWA,N/A,152
7FXT,N/A,154
7FZI,N/A,140
7FZX,N/A,148
7G0I,N/A,143
7H3C,N/A,143
7IFZ,N/A,349
7IG2,N/A,349
7IHO,N/A,349
7LOA,N/A,171
7LXA,N/A,159
7RXV,N/A,408
7RXW,N/A,410
8A27,N/A,292
8AIF,N/A,376
8PA3,N/A,262
8PH6,N/A,145
8RLG,N/A,161
8TCE,N/A,190
8ZYH,N/A,236
4Q2L,N/A,74
5S38,N/A,343
3V1E,N/A,96
1PWG,N/A,360
5S48,N/A,343
5R38,N/A,349
5S1K,N/A,346
5S4K,N/A,341
5M78,N/A,285
5R1W,N/A,349
5R3J,N/A,349
5R3P,N/A,349
5R41,N/A,349
5P2S,N/A,330
5R25,N/A,349
5R2N,N/A,349
5S3U,N/A,343
4K12,N/A,163
5M28,N/A,381
5P4L,N/A,330
5P7F,N/A,330
5S1A,N/A,344
6GDC,N/A,285
6QLQ,N/A,147
7ADG,N/A,347
1DS1,N/A,323
1H11,N/A,306
1JBE,N/A,132
1KOI,N/A,186
1OCQ,N/A,302
1P7V,N/A,286
1W66,N/A,218
1X8N,N/A,199
1YWD,N/A,189
2CI1,N/A,315
2FZD,N/A,313
2H5O,N/A,428
2JFT,N/A,257
2O5G,N/A,166
2VI2,N/A,218
2VU7,N/A,218
2W14,N/A,219
2XMJ,N/A,144
2XW6,N/A,424
2Y62,N/A,277
2Y6H,N/A,191
2YEO,N/A,70
2YHG,N/A,438
3A1H,N/A,137
3AH9,N/A,145
3C77,N/A,215
3CXZ,N/A,394
3F8V,N/A,164
3O1C,N/A,137
3O1X,N/A,140
3P6E,N/A,158
3RZY,N/A,151
3UE7,N/A,50
3URD,N/A,226
3ZSL,N/A,165
4AVR,N/A,189
4BLI,N/A,171
4DP7,N/A,114
4EUZ,N/A,304
4FKA,N/A,110
4J1P,N/A,126
4JFJ,N/A,137
4L57,N/A,414
4M51,N/A,436
4M5I,N/A,160
4MQ3,N/A,129
4PE0,N/A,181
4RQR,N/A,107
4TWU,N/A,156
4UHF,N/A,355
4W9Q,N/A,133
4YXU,N/A,269
5F8S,N/A,301
5GZC,N/A,154
5I6L,N/A,354
5K1L,N/A,301
5LKV,N/A,311
5OF5,N/A,351
5OF6,N/A,352
5OJ5,N/A,336
5P9J,N/A,272
5QI2,N/A,194
5QU1,N/A,117
5RBO,N/A,497
5RCP,N/A,349
5RD2,N/A,349
5RDV,N/A,349
5ROF,N/A,279
5ROG,N/A,279
5RPP,N/A,279
5RVQ,N/A,184
5S1U,N/A,345
5S2A,N/A,346
5SSV,N/A,184
5TOG,N/A,154
5UMP,N/A,247
5ZH0,N/A,199
6ADF,N/A,129
6AGN,N/A,130
6AR0,N/A,138
6EKZ,N/A,334
6ETQ,N/A,145
6F54,N/A,252
6FIH,N/A,395
6FJ6,N/A,218
6FWP,N/A,405
6GH7,N/A,485
6GKE,N/A,338
6I1U,N/A,292
6JKX,N/A,200
6LOZ,N/A,251
6MAP,N/A,156
6SDL,N/A,299
6SE1,N/A,278
6TM3,N/A,323
6TX5,N/A,146
6ZUB,N/A,350
7BHR,N/A,385
7BHX,N/A,387
7DF5,N/A,140
7FQA,N/A,184
7FVV,N/A,149
7FW3,N/A,145
7FWJ,N/A,143
7FYC,N/A,149
7FZB,N/A,142
7G0J,N/A,141
7G1C,N/A,147
7G1S,N/A,148
7IF7,N/A,344
7IFT,N/A,349
7IG3,N/A,349
7IG9,N/A,349
7IGC,N/A,349
7IHB,N/A,349
7IHI,N/A,349
7II4,N/A,349
7K4Z,N/A,324
7O4P,N/A,166
7Q1R,N/A,64
7R5I,N/A,475
7UCZ,N/A,286
7UEZ,N/A,407
8AIR,N/A,264
8ARU,N/A,296
8I1J,N/A,343
8P9Q,N/A,262
8PFF,N/A,145
8R6I,N/A,227
8RNV,N/A,135
8U9F,N/A,292
8X0I,N/A,482
8YMD,N/A,138
8ZYG,N/A,233
9DJM,N/A,171
9I2I,N/A,119
9IHG,N/A,337
9JEW,N/A,242
9JIT,N/A,355
9XRI,N/A,315
4BPS,N/A,336
5OPF,N/A,200
5S2V,N/A,340
5S2W,N/A,341
5S4A,N/A,342
6QLP,N/A,149
7AZ2,N/A,252
6TEW,N/A,331
4PZ3,N/A,330
6OSN,N/A,87
3NGP,N/A,58
7COF,N/A,333
5S2I,N/A,341
5S2L,N/A,342
5S3T,N/A,344
6GY5,N/A,320
7BLA,N/A,119
5KTW,N/A,343
5P54,N/A,330
5S3J,N/A,340
5P6G,N/A,330
5R3A,N/A,349
5R3U,N/A,349
6MZ3,N/A,237
5P2M,N/A,330
5P61,N/A,330
6GM9,N/A,286
6RG5,N/A,314
6RSZ,N/A,273
8QE3,N/A,385
1BPI,N/A,58
1JK3,N/A,159
1K5N,N/A,398
1KMS,N/A,188
1KZK,N/A,199
1NKD,N/A,59
28VW,N/A,141
2CAR,N/A,425
2NRM,N/A,173
2XA5,N/A,346
2ZJX,N/A,115
2ZVX,N/A,115
3FA0,N/A,162
3MWS,N/A,233
3T7L,N/A,86
3TUA,N/A,226
3X0O,N/A,173
3ZY7,N/A,265
4FCF,N/A,288
4FH4,N/A,279
4GS3,N/A,90
4JOK,N/A,198
4NG8,N/A,136
4P5R,N/A,107
4QMC,N/A,121
4UTM,N/A,395
4WUI,N/A,217
5A1I,N/A,434
5AGF,N/A,145
5ETK,N/A,163
5I6M,N/A,358
5J1N,N/A,179
5JTS,N/A,172
5LVO,N/A,303
5P3Q,N/A,330
5P5H,N/A,330
5P5P,N/A,330
5QI8,N/A,214
5RDL,N/A,349
5RE3,N/A,349
5RP3,N/A,279
5RP5,N/A,279
5RPL,N/A,279
5RPY,N/A,279
5S1O,N/A,345
5S28,N/A,346
5S3Q,N/A,342
5S42,N/A,341
5S47,N/A,343
5Y9Z,N/A,396
6F84,N/A,333
6FJP,N/A,198
6G0V,N/A,150
