Name,Sequence,Notes
E1_S1,GCCTGAATGGCGAATGGCGCT,edge_AB_1; GC=61.9%; Tm~68C
E1_S2,TTGCCTGGTTTCCGGCACCAG,edge_AB_2; GC=61.9%; Tm~68C
E1_S3,AAGCGGTGCCGGAAAGCTGGC,edge_AB_3; GC=66.7%; Tm~70C
E1_S4,TGGAGTGCGATCTTCCTGAGG,edge_AB_4; GC=57.1%; Tm~66C
E1_S5,CCGATACTGTCGTCGTCCCCT,edge_AB_5; GC=61.9%; Tm~68C
E1_S6,CAAACTGGCAGATGCACGGTT,edge_AB_6; GC=52.4%; Tm~64C
E2_S1,ACGATGCGCCCATCTACACCA,edge_AC_1; GC=57.1%; Tm~66C
E2_S2,ACGTGACCTATCCCATTACGG,edge_AC_2; GC=52.4%; Tm~64C
E2_S3,TCAATCCGCCGTTTGTTCCCA,edge_AC_3; GC=52.4%; Tm~64C
E2_S4,CGGAGAATCCGACGGGTTGTT,edge_AC_4; GC=57.1%; Tm~66C
E2_S5,ACTCGCTCACATTTAATGTTG,edge_AC_5; GC=38.1%; Tm~58C
E2_S6,ATGAAAGCTGGCTACAGGAAG,edge_AC_6; GC=47.6%; Tm~62C
E3_S1,GCCAGACGCGAATTATTTTTG,edge_AD_1; GC=42.9%; Tm~60C
E3_S2,ATGGCGTTCCTATTGGTTAAA,edge_AD_2; GC=38.1%; Tm~58C
E3_S3,AAATGAGCTGATTTAACAAAA,edge_AD_3; GC=23.8%; Tm~52C
E3_S4,ATTTAATGCGAATTTTAACAA,edge_AD_4; GC=19.0%; Tm~50C
E3_S5,AATATTAACGTTTACAATTTA,edge_AD_5; GC=14.3%; Tm~48C
E3_S6,AATATTTGCTTATACAATCTT,edge_AD_6; GC=19.0%; Tm~50C
E4_S1,CCTGTTTTTGGGGCTTTTCTG,edge_BC_1; GC=47.6%; Tm~62C
E4_S2,ATTATCAACCGGGGTACATAT,edge_BC_2; GC=38.1%; Tm~58C
E4_S3,GATTGACATGCTAGTTTTACG,edge_BC_3; GC=38.1%; Tm~58C
E4_S4,ATTACCGTTCATCGATTCTCT,edge_BC_4; GC=38.1%; Tm~58C
E4_S5,TGTTTGCTCCAGACTCTCAGG,edge_BC_5; GC=52.4%; Tm~64C
E4_S6,CAATGACCTGATAGCCTTTGT,edge_BC_6; GC=42.9%; Tm~60C
E5_S1,AGATCTCTCAAAAATAGCTAC,edge_BD_1; GC=33.3%; Tm~56C
E5_S2,CCTCTCCGGCATTAATTTATC,edge_BD_2; GC=42.9%; Tm~60C
E5_S3,AGCTAGAACGGTTGAATATCA,edge_BD_3; GC=38.1%; Tm~58C
E5_S4,TATTGATGGTGATTTGACTGT,edge_BD_4; GC=33.3%; Tm~56C
E5_S5,CTCCGGCCTTTCTCACCCTTTT,edge_BD_5; GC=54.5%; Tm~68C
E5_S6,GAATCTTTACCTACACATTAC,edge_BD_6; GC=33.3%; Tm~56C
E6_S1,TCAGGCATTGCATTTAAAATA,edge_CD_1; GC=28.6%; Tm~54C
E6_S2,TATGAGGGTTCTAAAAATTTT,edge_CD_2; GC=23.8%; Tm~52C
E6_S3,TATCCTTGCGTTGAAATAAAG,edge_CD_3; GC=33.3%; Tm~56C
E6_S4,GCTTCTCCCGCAAAAGTATTA,edge_CD_4; GC=42.9%; Tm~60C
E6_S5,CAGGGTCATAATGTTTTTGGT,edge_CD_5; GC=38.1%; Tm~58C
E6_S6,ACAACCGATTTAGCTTTATGC,edge_CD_6; GC=38.1%; Tm~58C
VA_1,GCCTGAATGGACGATGCGCCCGCCAGACGCG,vertex_A; GC=71.0%; Tm~106C; Mods: connects_E1_E2_E3
VB_1,CAAACTGGCACCTGTTTTTGGAGATCTCTCA,vertex_B; GC=45.2%; Tm~90C; Mods: connects_E1_E4_E5
VC_1,ATGAAAGCTGCAATGACCTGATCAGGCATTG,vertex_C; GC=45.2%; Tm~90C; Mods: connects_E2_E4_E6
VD_1,AATATTTGCTGAATCTTTACACAACCGATTT,vertex_D; GC=29.0%; Tm~80C; Mods: connects_E3_E5_E6
LOCK_SARS_MAIN,TTGTTACCCTTCCAATATAAACCTTAATGCCTGAATGGCGAA,lock_main; GC=38.1%; Tm~116C; Mods: 3'-BHQ2
LOCK_SARS_COMP,TTCGCCATTCAGGCA,lock_complement; GC=53.3%; Tm~46C; Mods: 5'-Cy5
LOCK_SARS_STAB,ATTAAGGTTTATATTGGAAGGG,lock_stabilizer; GC=31.8%; Tm~58C
CONJ_F1,ACGATGCGCCCATCTACACCAACGT,peptide_conjugation_face1; GC=56.0%; Tm~78C; Mods: 5'-C6-NH2
CONJ_F2,GCCAGACGCGAATTATTTTTGATGG,peptide_conjugation_face2; GC=44.0%; Tm~72C; Mods: 5'-C6-NH2
CONJ_F3,CCTGTTTTTGGGGCTTTTCTGATTAT,peptide_conjugation_face3; GC=38.5%; Tm~72C; Mods: 5'-C6-NH2
CONJ_F4,TCAGGCATTGCATTTAAAATATATG,peptide_conjugation_face4; GC=28.0%; Tm~64C; Mods: 5'-C6-NH2